Name,Surname,E-mail,"Time Start","Time End","Time Used","Test Score","Final Score"
Chiara,Domestici,chiara.domestici@hotmail.it,"2017-01-23 09:58:18","2017-01-23 10:55:48",00:57:30,29,29
Diego,Sorbelli,diggus18@gmail.com,"2017-01-23 09:58:17","2017-01-23 10:58:19",01:00:02,41,41
Luca,Mancini,manciniluca00@gmail.com,"2017-01-23 09:59:15","2017-01-23 10:58:47",00:59:32,37,37
Stefano,Bonciarelli,stefano.bonciarelli@studenti.unipg.it,"2017-03-27 09:59:55","2017-03-27 10:57:22",00:57:27,30,30
Tiziano,Galmacci,tiziano.galmacci@studenti.unipg.it,"2017-03-27 10:04:23","2017-03-27 11:01:39",00:57:16,16,16
Mattia,Colalongo,mattiacolalongo@yahoo.it,"2017-06-20 10:56:23","2017-06-20 11:33:51",00:37:28,27,27
